"1","1","2023-11-15 10:00:00","Checkup","2023-11-20 14:30:00","X-ray","Dr. Smith"
"2","2","2023-11-18 15:30:00","Dental Cleaning","2023-11-22 09:45:00","Tooth Extraction","Dr. Johnson"
"3","3","2023-11-20 09:15:00","Eye Exam","2023-11-23 11:30:00","LASIK Surgery","Dr. Martinez"
"4","4","2023-11-22 11:45:00","Physical Therapy","2023-11-25 13:15:00","MRI Scan","Dr. Wilson"
"5","5","2023-11-25 14:00:00","Vaccination","2023-11-30 10:30:00","Blood Test","Dr. Brown"
"6","6","2023-11-27 16:45:00","Checkup","2023-12-02 15:00:00","CT Scan","Dr. Taylor"
"7","7","2023-11-30 09:30:00","Dental Checkup","2023-12-05 11:45:00","Tooth Filling","Dr. Anderson"
"8","8","2023-12-02 13:15:00","Physical Therapy","2023-12-08 16:00:00","X-ray","Dr. Smith"
"9","9","2023-12-05 10:30:00","Eye Exam","2023-12-10 14:15:00","LASIK Surgery","Dr. Johnson"
"10","10","2023-12-08 14:45:00","Vaccination","2023-12-13 09:30:00","Blood Test","Dr. Martinez"
"11","11","2023-12-11 11:00:00","Checkup","2023-12-15 10:45:00","MRI Scan","Dr. Wilson"
"12","12","2023-12-14 15:15:00","Dental Cleaning","2023-12-18 14:30:00","Tooth Extraction","Dr. Brown"
"13","13","2023-12-16 10:00:00","Eye Exam","2023-12-20 11:15:00","CT Scan","Dr. Taylor"
"14","14","2023-12-19 09:45:00","Physical Therapy","2023-12-23 13:45:00","X-ray","Dr. Anderson"
"15","15","2023-12-22 12:30:00","Vaccination","2023-12-27 15:00:00","Blood Test","Dr. Smith"
"16","16","2023-12-24 14:00:00","Checkup","2023-12-28 16:30:00","LASIK Surgery","Dr. Johnson"
"17","17","2023-12-27 15:45:00","Dental Checkup","2023-12-30 09:30:00","Tooth Filling","Dr. Martinez"
"18","18","2023-12-30 13:15:00","Physical Therapy","2024-01-03 10:15:00","MRI Scan","Dr. Wilson"
"19","19","2024-01-02 11:30:00","Eye Exam","2024-01-06 12:45:00","CT Scan","Dr. Brown"
"20","20","2024-01-05 09:00:00","Vaccination","2024-01-09 14:30:00","X-ray","Dr. Taylor"
"1","1","1985-03-15","37","1234 Elm St, City1","555-123-4567","Flu Shot, Tetanus Shot","None"
"2","2","1990-07-20","32","5678 Oak St, City2","555-987-6543","Measles Vaccine","Asthma"
"3","3","1988-11-05","40","9876 Maple St, City3","555-234-5678","Hepatitis B Vaccine","None"
"4","4","1992-02-10","29","1357 Pine St, City4","555-876-5432","COVID-19 Vaccine","Allergies"
"5","5","1979-09-25","43","5432 Cedar St, City5","555-345-6789","Pneumonia Vaccine","Diabetes"
"6","6","1983-12-30","38","2222 Birch St, City6","555-654-3210","Influenza Vaccine","High Blood Pressure"
"7","7","1995-05-18","27","4444 Redwood St, City7","555-111-2222","Polio Vaccine","Migraines"
"8","8","1997-01-23","24","1212 Spruce St, City8","555-222-3333","Tetanus Shot","None"
"9","9","1980-06-09","41","1111 Sequoia St, City9","555-333-4444","Hepatitis A Vaccine","Asthma"
"10","10","1991-04-14","30","3333 Cedar St, City10","555-444-5555","Flu Shot","None"
"11","11","1993-10-03","28","6666 Fir St, City11","555-555-6666","Measles Vaccine","High Cholesterol"
"12","12","1987-08-29","35","7777 Pine St, City12","555-666-7777","Pneumonia Vaccine","Arthritis"
"13","13","1986-06-17","36","9999 Oak St, City13","555-777-8888","COVID-19 Vaccine","Asthma"
"14","14","1994-03-28","29","8888 Maple St, City14","555-888-9999","Influenza Vaccine","Diabetes"
"15","15","1990-12-05","32","2323 Birch St, City15","555-999-0000","Polio Vaccine","Migraines"
"16","16","1988-04-02","34","1234 Redwood St, City16","555-000-1111","Tetanus Shot","High Blood Pressure"
"17","17","1996-09-13","26","1010 Cedar St, City17","555-121-2323","Hepatitis A Vaccine","Allergies"
"18","18","1992-07-07","30","3434 Sequoia St, City18","555-141-3434","Flu Shot","Asthma"
"19","19","1989-02-24","33","4545 Fir St, City19","555-161-4545","Measles Vaccine","Diabetes"
"20","20","1998-05-12","24","5656 Pine St, City20","555-181-5656","Pneumonia Vaccine","High Cholesterol"
"1","Zephyr","Abernathy"
"2","Ondina","Björk"
"3","Thiago","Czajkowski"
"4","Yevheniy","Dmytriv"
"5","Qiturah","Eșanu"
"6","Finnian","Feigenbaum"
"7","Gryphon","Gvaramadze"
"8","Hannelore","Ionescu"
"9","Jabari","Kowalczyk"
"10","Leocádia","Martínez"
"11","Noémie","Guyen"
"12","Orabella","Sullivan"
"13","Peregrine","Papadopoulos"
"14","Qiturah","Quintero"
"15","Rhiannon","Russo"
"16","Surya","Stevanović"
"17","Tadeusz","Thiessen"
"18","Ulysses","Uspensky"
"19","Vasiliy","Vuković"
"20","Władysław","Wang"
"1","John","Smith","P@ssw0rd1","1234","555-123-4567","john.smith@example.com"
"2","Jane","Doe","P@ssw0rd2","5678","555-987-6543","jane.doe@example.com"
"3","Mike","Johnson","P@ssw0rd3","2468","555-234-5678","mike.johnson@example.com"
"4","Sara","Wilson","P@ssw0rd4","1357","555-876-5432","sara.wilson@example.com"
"5","David","Brown","P@ssw0rd5","5432","555-345-6789","david.brown@example.com"
"6","Linda","Martinez","P@ssw0rd6","9876","555-654-3210","linda.martinez@example.com"
"7","Robert","Davis","P@ssw0rd7","1111","555-111-2222","robert.davis@example.com"
"8","Emily","Taylor","P@ssw0rd8","2222","555-222-3333","emily.taylor@example.com"
"9","William","Anderson","P@ssw0rd9","3333","555-333-4444","william.anderson@example.com"
"10","Olivia","Smith","P@ssw0rd10","4444","555-444-5555","olivia.smith@example.com"
"11","James","Wilson","P@ssw0rd11","5555","555-555-6666","james.wilson@example.com"
"12","Mia","Johnson","P@ssw0rd12","6666","555-666-7777","mia.johnson@example.com"
"13","Alexander","Brown","P@ssw0rd13","7777","555-777-8888","alexander.brown@example.com"
"14","Ava","Martinez","P@ssw0rd14","8888","555-888-9999","ava.martinez@example.com"
"15","Ethan","Davis","P@ssw0rd15","9999","555-999-0000","ethan.davis@example.com"
"16","Sophia","Taylor","P@ssw0rd16","1010","555-000-1111","sophia.taylor@example.com"
"17","Liam","Anderson","P@ssw0rd17","1212","555-121-2323","liam.anderson@example.com"
"18","Isabella","Smith","P@ssw0rd18","1414","555-141-3434","isabella.smith@example.com"
"19","Noah","Wilson","P@ssw0rd19","1616","555-161-4545","noah.wilson@example.com"
"20","Emma","Johnson","P@ssw0rd20","1818","555-181-5656","emma.johnson@example.com"
"Aditya ","Jain","123456789","323 ",
"Aditya","Jain","123456789","323 MLK Blvd Newark, NJ 07110","NJIT"
"John","Daniel","987654321","123 Liberty ave","SHIELD"
"Johnny","sins","896745231","321 Liberty st","Marvel"
"captain","america","876543921","56 Nutley ave","DC"
"Bruce","Banner","122343456","Avengers HQ","Shield"
"Bruce","Banner","123456789","Avengers HQ","Shield"
